{"cameraMode":{"drawMode":0,"name":"Shaded","section":"Shading Mode"},"sceneLighting":true,"audioPlay":false,"sceneViewState":{"showFog":false,"showMaterialUpdate":false,"showSkybox":false,"showFlares":false,"showImageEffects":false,"showParticleSystems":false,"showVisualEffectGraphs":false,"m_FxEnabled":true},"in2DMode":false,"pivot":{"x":0.3190228343009949,"y":-2.7436881065368654,"z":8.576959609985352},"rotation":{"x":-0.3143835961818695,"y":-0.0037053562700748445,"z":0.0012267500860616565,"w":-0.9492883086204529},"size":12.117818832397461,"orthographic":false}